date,predicted_sales,predicted_inventory
2026-07-30,123.79964782881038,1525.2003521711897
2026-07-31,116.43652722365796,1408.7638249475317
2026-08-01,134.60263441041485,1274.161190537117
2026-08-02,148.6666688104826,1125.4945217266343
2026-08-03,132.73107788397317,992.7634438426611
2026-08-04,123.981202761226,868.7822410814351
2026-08-05,129.53314843057848,739.2490926508567
2026-08-06,132.66669538504564,606.5823972658111
2026-08-07,119.37666695544141,487.2057303103697
2026-08-08,131.6270704450013,355.5786598653684
2026-08-09,142.55936209344338,213.01929777192504
2026-08-10,118.52530799610744,94.4939897758176
2026-08-11,137.7990341749385,0.0
2026-08-12,118.47076693861997,0.0
2026-08-13,129.610840193802,0.0
2026-08-14,124.78860397922526,0.0
2026-08-15,135.63332299644702,0.0
2026-08-16,145.30657830779913,0.0
2026-08-17,124.22634730295132,0.0
2026-08-18,114.8481452114187,0.0
2026-08-19,128.53236462119617,0.0
2026-08-20,132.61877161369046,0.0
2026-08-21,130.36142758594525,0.0
2026-08-22,136.22404583417196,0.0
2026-08-23,145.30657830779913,0.0
2026-08-24,128.85391345765586,0.0
2026-08-25,118.6765489966027,0.0
2026-08-26,114.29832527829487,0.0
2026-08-27,111.49914906622163,0.0
2026-08-28,120.52989888178624,0.0
